developer,repository,contributions,github_profile_url
davidism,pallets/flask,1840,https://github.com/davidism
mitsuhiko,pallets/flask,1189,https://github.com/mitsuhiko
untitaker,pallets/flask,274,https://github.com/untitaker
rduplain,pallets/flask,122,https://github.com/rduplain
greyli,pallets/flask,105,https://github.com/greyli
dependabot-preview[bot],pallets/flask,91,https://github.com/apps/dependabot-preview
DasIch,pallets/flask,86,https://github.com/DasIch
dependabot[bot],pallets/flask,61,https://github.com/apps/dependabot
kennethreitz,pallets/flask,59,https://github.com/kennethreitz
pgjones,pallets/flask,50,https://github.com/pgjones
pre-commit-ci[bot],pallets/flask,39,https://github.com/apps/pre-commit-ci
keyan,pallets/flask,36,https://github.com/keyan
ThiefMaster,pallets/flask,28,https://github.com/ThiefMaster
defuz,pallets/flask,26,https://github.com/defuz
lepture,pallets/flask,25,https://github.com/lepture
ThomasWaldmann,pallets/flask,23,https://github.com/ThomasWaldmann
jeffwidman,pallets/flask,22,https://github.com/jeffwidman
jab,pallets/flask,21,https://github.com/jab
SimonSapin,pallets/flask,18,https://github.com/SimonSapin
florentx,pallets/flask,17,https://github.com/florentx
lord63,pallets/flask,17,https://github.com/lord63
wgwz,pallets/flask,13,https://github.com/wgwz
dag,pallets/flask,13,https://github.com/dag
adambyrtek,pallets/flask,13,https://github.com/adambyrtek
s3rvac,pallets/flask,12,https://github.com/s3rvac
flying-sheep,pallets/flask,12,https://github.com/flying-sheep
dawranliou,pallets/flask,10,https://github.com/dawranliou
plaes,pallets/flask,9,https://github.com/plaes
garenchan,pallets/flask,9,https://github.com/garenchan
vtbassmatt,pallets/flask,8,https://github.com/vtbassmatt
methane,pallets/flask,8,https://github.com/methane
tullyrankin,pallets/flask,7,https://github.com/tullyrankin
miguelgrinberg,pallets/flask,7,https://github.com/miguelgrinberg
yuxiaoy1,pallets/flask,7,https://github.com/yuxiaoy1
cvrebert,pallets/flask,6,https://github.com/cvrebert
Winnetou,pallets/flask,6,https://github.com/Winnetou
aqt01,pallets/flask,6,https://github.com/aqt01
akavlie,pallets/flask,6,https://github.com/akavlie
alexpantyukhin,pallets/flask,6,https://github.com/alexpantyukhin
antsar,pallets/flask,6,https://github.com/antsar
timgraham,django/django,3528,https://github.com/timgraham
adrianholovaty,django/django,2802,https://github.com/adrianholovaty
malcolmt,django/django,1872,https://github.com/malcolmt
freakboy3742,django/django,1741,https://github.com/freakboy3742
claudep,django/django,1722,https://github.com/claudep
felixxm,django/django,1686,https://github.com/felixxm
aaugustin,django/django,1399,https://github.com/aaugustin
jezdez,django/django,895,https://github.com/jezdez
jacobian,django/django,893,https://github.com/jacobian
charettes,django/django,759,https://github.com/charettes
spookylukey,django/django,497,https://github.com/spookylukey
alex,django/django,483,https://github.com/alex
ramiro,django/django,474,https://github.com/ramiro
andrewgodwin,django/django,450,https://github.com/andrewgodwin
jdufresne,django/django,425,https://github.com/jdufresne
sir-sigurd,django/django,373,https://github.com/sir-sigurd
akaariai,django/django,351,https://github.com/akaariai
ngnpope,django/django,345,https://github.com/ngnpope
gdub,django/django,335,https://github.com/gdub
carltongibson,django/django,316,https://github.com/carltongibson
adamchainz,django/django,308,https://github.com/adamchainz
jacobtylerwalls,django/django,297,https://github.com/jacobtylerwalls
apollo13,django/django,296,https://github.com/apollo13
kmtracey,django/django,274,https://github.com/kmtracey
jbronn,django/django,270,https://github.com/jbronn
ubernostrum,django/django,264,https://github.com/ubernostrum
hramezani,django/django,259,https://github.com/hramezani
nessita,django/django,241,https://github.com/nessita
bmispelon,django/django,221,https://github.com/bmispelon
sarahboyce,django/django,216,https://github.com/sarahboyce
carljm,django/django,213,https://github.com/carljm
smithdc1,django/django,202,https://github.com/smithdc1
jphalip,django/django,194,https://github.com/jphalip
loic,django/django,180,https://github.com/loic
brosner,django/django,150,https://github.com/brosner
MarkusH,django/django,146,https://github.com/MarkusH
cjerdonek,django/django,144,https://github.com/cjerdonek
mjtamlyn,django/django,139,https://github.com/mjtamlyn
atombrella,django/django,99,https://github.com/atombrella
SmileyChris,django/django,93,https://github.com/SmileyChris
tiangolo,fastapi/fastapi,2079,https://github.com/tiangolo
github-actions[bot],fastapi/fastapi,604,https://github.com/apps/github-actions
dependabot[bot],fastapi/fastapi,196,https://github.com/apps/dependabot
YuriiMotov,fastapi/fastapi,94,https://github.com/YuriiMotov
alejsdev,fastapi/fastapi,59,https://github.com/alejsdev
pre-commit-ci[bot],fastapi/fastapi,50,https://github.com/apps/pre-commit-ci
jaystone776,fastapi/fastapi,49,https://github.com/jaystone776
valentinDruzhinin,fastapi/fastapi,33,https://github.com/valentinDruzhinin
ceb10n,fastapi/fastapi,31,https://github.com/ceb10n
Kludex,fastapi/fastapi,25,https://github.com/Kludex
waynerv,fastapi/fastapi,25,https://github.com/waynerv
tokusumi,fastapi/fastapi,24,https://github.com/tokusumi
svlandeg,fastapi/fastapi,24,https://github.com/svlandeg
SwftAlpc,fastapi/fastapi,23,https://github.com/SwftAlpc
hasansezertasan,fastapi/fastapi,23,https://github.com/hasansezertasan
dmontagu,fastapi/fastapi,17,https://github.com/dmontagu
AlertRED,fastapi/fastapi,16,https://github.com/AlertRED
hard-coders,fastapi/fastapi,16,https://github.com/hard-coders
nilslindemann,fastapi/fastapi,14,https://github.com/nilslindemann
yychanlee,fastapi/fastapi,14,https://github.com/yychanlee
Joao-Pedro-P-Holanda,fastapi/fastapi,14,https://github.com/Joao-Pedro-P-Holanda
Zhongheng-Cheng,fastapi/fastapi,14,https://github.com/Zhongheng-Cheng
kantandane,fastapi/fastapi,13,https://github.com/kantandane
Xewus,fastapi/fastapi,13,https://github.com/Xewus
euri10,fastapi/fastapi,13,https://github.com/euri10
marcelomarkus,fastapi/fastapi,11,https://github.com/marcelomarkus
alv2017,fastapi/fastapi,11,https://github.com/alv2017
mariacamilagl,fastapi/fastapi,11,https://github.com/mariacamilagl
zhaohan-dong,fastapi/fastapi,11,https://github.com/zhaohan-dong
Smlep,fastapi/fastapi,10,https://github.com/Smlep
KaniKim,fastapi/fastapi,10,https://github.com/KaniKim
xzmeng,fastapi/fastapi,9,https://github.com/xzmeng
barsi,fastapi/fastapi,9,https://github.com/barsi
handabaldeep,fastapi/fastapi,9,https://github.com/handabaldeep
Vincy1230,fastapi/fastapi,9,https://github.com/Vincy1230
Serrones,fastapi/fastapi,8,https://github.com/Serrones
vishnuvskvkl,fastapi/fastapi,8,https://github.com/vishnuvskvkl
pablocm83,fastapi/fastapi,8,https://github.com/pablocm83
Alexandrhub,fastapi/fastapi,7,https://github.com/Alexandrhub
estebanx64,fastapi/fastapi,7,https://github.com/estebanx64
jbrockmendel,pandas-dev/pandas,5414,https://github.com/jbrockmendel
jreback,pandas-dev/pandas,4731,https://github.com/jreback
wesm,pandas-dev/pandas,3127,https://github.com/wesm
jorisvandenbossche,pandas-dev/pandas,1619,https://github.com/jorisvandenbossche
mroeschke,pandas-dev/pandas,1523,https://github.com/mroeschke
phofl,pandas-dev/pandas,1132,https://github.com/phofl
TomAugspurger,pandas-dev/pandas,655,https://github.com/TomAugspurger
simonjayhawkins,pandas-dev/pandas,628,https://github.com/simonjayhawkins
cpcloud,pandas-dev/pandas,607,https://github.com/cpcloud
rhshadrach,pandas-dev/pandas,514,https://github.com/rhshadrach
tuhinsharma121,pandas-dev/pandas,478,https://github.com/tuhinsharma121
gfyoung,pandas-dev/pandas,460,https://github.com/gfyoung
topper-123,pandas-dev/pandas,423,https://github.com/topper-123
sinhrks,pandas-dev/pandas,409,https://github.com/sinhrks
MarcoGorelli,pandas-dev/pandas,340,https://github.com/MarcoGorelli
WillAyd,pandas-dev/pandas,340,https://github.com/WillAyd
adamklein,pandas-dev/pandas,327,https://github.com/adamklein
datapythonista,pandas-dev/pandas,275,https://github.com/datapythonista
jtratner,pandas-dev/pandas,250,https://github.com/jtratner
changhiskhan,pandas-dev/pandas,246,https://github.com/changhiskhan
lithomas1,pandas-dev/pandas,245,https://github.com/lithomas1
lukemanley,pandas-dev/pandas,225,https://github.com/lukemanley
twoertwein,pandas-dev/pandas,221,https://github.com/twoertwein
ShaharNaveh,pandas-dev/pandas,206,https://github.com/ShaharNaveh
attack68,pandas-dev/pandas,203,https://github.com/attack68
natmokval,pandas-dev/pandas,173,https://github.com/natmokval
jschendel,pandas-dev/pandas,163,https://github.com/jschendel
hayd,pandas-dev/pandas,160,https://github.com/hayd
fangchenli,pandas-dev/pandas,156,https://github.com/fangchenli
dsaxton,pandas-dev/pandas,155,https://github.com/dsaxton
mzeitlin11,pandas-dev/pandas,118,https://github.com/mzeitlin11
DeaMariaLeon,pandas-dev/pandas,114,https://github.com/DeaMariaLeon
orbitfold,pandas-dev/pandas,111,https://github.com/orbitfold
alimcmaster1,pandas-dev/pandas,104,https://github.com/alimcmaster1
toobaz,pandas-dev/pandas,93,https://github.com/toobaz
jseabold,pandas-dev/pandas,89,https://github.com/jseabold
charlesdong1991,pandas-dev/pandas,89,https://github.com/charlesdong1991
chris-b1,pandas-dev/pandas,86,https://github.com/chris-b1
Dr-Irv,pandas-dev/pandas,86,https://github.com/Dr-Irv
h-vetinari,pandas-dev/pandas,85,https://github.com/h-vetinari
ogrisel,scikit-learn/scikit-learn,2574,https://github.com/ogrisel
amueller,scikit-learn/scikit-learn,2073,https://github.com/amueller
larsmans,scikit-learn/scikit-learn,1265,https://github.com/larsmans
agramfort,scikit-learn/scikit-learn,1086,https://github.com/agramfort
glouppe,scikit-learn/scikit-learn,936,https://github.com/glouppe
thomasjpfan,scikit-learn/scikit-learn,919,https://github.com/thomasjpfan
pprett,scikit-learn/scikit-learn,860,https://github.com/pprett
mblondel,scikit-learn/scikit-learn,778,https://github.com/mblondel
vene,scikit-learn/scikit-learn,775,https://github.com/vene
jnothman,scikit-learn/scikit-learn,773,https://github.com/jnothman
glemaitre,scikit-learn/scikit-learn,661,https://github.com/glemaitre
lesteve,scikit-learn/scikit-learn,644,https://github.com/lesteve
arjoly,scikit-learn/scikit-learn,580,https://github.com/arjoly
jeremiedbb,scikit-learn/scikit-learn,494,https://github.com/jeremiedbb
scikit-learn-bot,scikit-learn/scikit-learn,455,https://github.com/scikit-learn-bot
jakevdp,scikit-learn/scikit-learn,343,https://github.com/jakevdp
MechCoder,scikit-learn/scikit-learn,313,https://github.com/MechCoder
adrinjalali,scikit-learn/scikit-learn,300,https://github.com/adrinjalali
qinhanmin2014,scikit-learn/scikit-learn,264,https://github.com/qinhanmin2014
NicolasHug,scikit-learn/scikit-learn,250,https://github.com/NicolasHug
lucyleeow,scikit-learn/scikit-learn,248,https://github.com/lucyleeow
NelleV,scikit-learn/scikit-learn,238,https://github.com/NelleV
lorentzenchr,scikit-learn/scikit-learn,236,https://github.com/lorentzenchr
robertlayton,scikit-learn/scikit-learn,233,https://github.com/robertlayton
raghavrv,scikit-learn/scikit-learn,140,https://github.com/raghavrv
ahojnnes,scikit-learn/scikit-learn,137,https://github.com/ahojnnes
rth,scikit-learn/scikit-learn,132,https://github.com/rth
jjerphan,scikit-learn/scikit-learn,132,https://github.com/jjerphan
StefanieSenger,scikit-learn/scikit-learn,114,https://github.com/StefanieSenger
TomDLT,scikit-learn/scikit-learn,113,https://github.com/TomDLT
Charlie-XIAO,scikit-learn/scikit-learn,111,https://github.com/Charlie-XIAO
weilinear,scikit-learn/scikit-learn,109,https://github.com/weilinear
betatim,scikit-learn/scikit-learn,108,https://github.com/betatim
cmarmo,scikit-learn/scikit-learn,105,https://github.com/cmarmo
clayw,scikit-learn/scikit-learn,103,https://github.com/clayw
kemaleren,scikit-learn/scikit-learn,100,https://github.com/kemaleren
oddskool,scikit-learn/scikit-learn,95,https://github.com/oddskool
AlexanderFabisch,scikit-learn/scikit-learn,91,https://github.com/AlexanderFabisch
alextp,scikit-learn/scikit-learn,87,https://github.com/alextp
ArturoAmorQ,scikit-learn/scikit-learn,87,https://github.com/ArturoAmorQ
